{
  "Burj Khalifa Foundation, Dubai, UAE": {
    "en-IN": "Burj Khalifa Foundation, Dubai, UAE",
    "hi-IN": "बुर्ज खलीफा फाउंडेशन, दुबई, संयुक्त अरब अमीरात",
    "te-IN": "బుర్జ్ ఖలీఫా ఫౌండేషన్, దుబాయ్, యూఏఈ",
    "ta-IN": "புர்ஜ் கலீபா அறக்கட்டளை, துபாய், ஐக்கிய அரபு எமிரேட்ஸ்",
    "kn-IN": "ಬುರ್ಜ್ ಖಲೀಫಾ ಫೌಂಡೇಶನ್, ದುಬೈ, ಯುಎಇ",
    "ml-IN": "ബുർജ് ഖലീഫ ഫൗണ്ടേഷൻ, ദുബായ്, യുഎഇ",
    "mr-IN": "बुर्ज खलिफा फाउंडेशन, दुबई, युएई",
    "gu-IN": "બુર્જ ખલીફા ફાઉન્ડેશન, દુબઈ, યુ.એ.ઈ.",
    "bn-IN": "বুর্জ খলিফা ফাউন্ডেশন, দুবাই, সংযুক্ত আরব আমিরাত",
    "ur-IN": "برج خلیفہ فاؤنڈیشن، دبئی، متحدہ عرب امارات",
    "ru-RU": "Фонд Бурдж-Халифа, Дубай, ОАЭ",
    "es-ES": "Fundación Burj Khalifa, Dubái, Emiratos Árabes Unidos",
    "zh-TW": "哈利法塔基金會，阿聯酋迪拜",
    "fr-BE": "Burj Khalifa Foundation, Dubaï, Émirats arabes unis",
    "ar-AE": "مؤسسة برج خليفة، دبي، الإمارات العربية المتحدة",
    "pt-PT": "Fundação Burj Khalifa, Dubai, Emirados Árabes Unidos",
    "de-AT": "Burj Khalifa Foundation, Dubai, Vereinigte Arabische Emirate",
    "ja-JP": "ブルジュ・ハリファ財団、ドバイ、アラブ首長国連邦",
    "ko-KR": "부르즈 칼리파 재단, 두바이, 아랍 에미리트",
    "it-IT": "Fondazione Burj Khalifa, Dubai, Emirati Arabi Uniti",
    "tr-TR": "Burj Khalifa Vakfı, Dubai, BAE",
    "ms-MY": "Yayasan Burj Khalifa, Dubai, UAE"
  },
  "Panama Canal Expansion, Panama": {
    "en-IN": "Panama Canal Expansion, Panama",
    "hi-IN": "पनामा नहर विस्तार, पनामा",
    "te-IN": "పనామా కాలువ విస్తరణ, పనామా",
    "ta-IN": "பனாமா கால்வாய் விரிவாக்கம், பனாமா",
    "kn-IN": "ಪನಾಮ ಕಾಲುವೆ ವಿಸ್ತರಣೆ, ಪನಾಮ",
    "ml-IN": "പനാമ കനാൽ വിപുലീകരണം, പനാമ",
    "mr-IN": "पनामा कालवा विस्तार, पनामा",
    "gu-IN": "પનામા નહેર વિસ્તરણ, પનામા",
    "bn-IN": "পানামা খাল সম্প্রসারণ, পানামা",
    "ur-IN": "پاناما نہر کی توسیع، پاناما",
    "ru-RU": "Расширение Панамского канала, Панама",
    "es-ES": "Ampliación del Canal de Panamá, Panamá",
    "zh-TW": "巴拿馬運河擴建，巴拿馬",
    "fr-BE": "Expansion du canal de Panama, Panama",
    "ar-AE": "توسيع قناة بنما ، بنما",
    "pt-PT": "Expansão do Canal do Panamá, Panamá",
    "de-AT": "Ausbau des Panamakanals, Panama",
    "ja-JP": "パナマ運河拡張, パナマ",
    "ko-KR": "파나마 운하 확장, 파나마",
    "it-IT": "Espansione del Canale di Panama, Panama",
    "tr-TR": "Panama Kanalı'nın Genişletilmesi, Panama",
    "ms-MY": "Peluasan Terusan Panama, Panama"
  },
  "Millau Viaduct, France": {
    "en-IN": "Millau Viaduct, France",
    "hi-IN": "मिलाऊ वायाडक्ट, फ्रांस",
    "te-IN": "మిల్లౌ వయాడక్ట్, ఫ్రాన్స్",
    "ta-IN": "மில்லவ் வியாடக்ட், பிரான்ஸ்",
    "kn-IN": "ಮಿಲೌ ವಯಾಡಕ್ಟ್, ಫ್ರಾನ್ಸ್",
    "ml-IN": "Millau Viaduct, ഫ്രാൻസ്",
    "mr-IN": "मिलाउ व्हायडक्ट, फ्रान्स",
    "gu-IN": "મિલાઉ વાયડક્ટ, ફ્રાન્સ",
    "bn-IN": "মিলাউ ভায়াডাক্ট, ফ্রান্স",
    "ur-IN": "ملاؤ ویاڈکٹ، فرانس",
    "ru-RU": "Виадук Мийо, Франция",
    "es-ES": "Viaducto de Millau, Francia",
    "zh-TW": "米洛高架橋，法國",
    "fr-BE": "Viaduc de Millau, France",
    "ar-AE": "جسر ميلو، فرنسا",
    "pt-PT": "Viaduto de Millau, França",
    "de-AT": "Viadukt von Millau, Frankreich",
    "ja-JP": "ミヨー高架橋、フランス",
    "ko-KR": "Millau Viaduct, 프랑스",
    "it-IT": "Viadotto di Millau, Francia",
    "tr-TR": "Millau Viyadüğü, Fransa",
    "ms-MY": "Jejambat Millau, Perancis"
  }
}